participant.id,condition,time,language
R_6e2pwYha2G1nZy8,chunked,5.11,english
R_6e2pwYha2G1nZy8,chunked,7.04,english
R_6e2pwYha2G1nZy8,chunked,3.79,english
R_6e2pwYha2G1nZy8,chunked,7.56,english
R_6e2pwYha2G1nZy8,chunked,2.79,asl
R_6e2pwYha2G1nZy8,chunked,2.38,asl
R_6e2pwYha2G1nZy8,chunked,3.32,asl
R_6e2pwYha2G1nZy8,chunked,3.12,asl
R_6e2pwYha2G1nZy8,random,5.66,english
R_6e2pwYha2G1nZy8,random,2.02,asl
R_6e2pwYha2G1nZy8,random,3.41,english
R_6e2pwYha2G1nZy8,random,1.94,asl
R_6e2pwYha2G1nZy8,random,3.17,english
R_6e2pwYha2G1nZy8,random,4.2,english
R_6e2pwYha2G1nZy8,random,2.07,english
R_6e2pwYha2G1nZy8,random,1.633,asl
R_3Dkt8Tsj6etdi6J,chunked,4.57,english
R_3Dkt8Tsj6etdi6J,chunked,3.12,english
R_3Dkt8Tsj6etdi6J,chunked,2.74,english
R_3Dkt8Tsj6etdi6J,chunked,5.21,english
R_3Dkt8Tsj6etdi6J,chunked,3.06,asl
R_3Dkt8Tsj6etdi6J,chunked,1.04,asl
R_3Dkt8Tsj6etdi6J,chunked,-0.6,asl
R_3Dkt8Tsj6etdi6J,chunked,2.58,asl
R_3Dkt8Tsj6etdi6J,random,3.4,english
R_3Dkt8Tsj6etdi6J,random,1.343,asl
R_3Dkt8Tsj6etdi6J,random,4.186,english
R_3Dkt8Tsj6etdi6J,random,1.778,asl
R_3Dkt8Tsj6etdi6J,random,4.45,english
R_3Dkt8Tsj6etdi6J,random,2.224,english
R_3Dkt8Tsj6etdi6J,random,1.93,english
R_3Dkt8Tsj6etdi6J,random,1.275,asl
R_6ePyuGQkPHyYln0,chunked,3.21,english
R_6ePyuGQkPHyYln0,chunked,1.9,english
R_6ePyuGQkPHyYln0,chunked,1.18,english
R_6ePyuGQkPHyYln0,chunked,2.79,english
R_6ePyuGQkPHyYln0,chunked,2.1,asl
R_6ePyuGQkPHyYln0,chunked,1.29,asl
R_6ePyuGQkPHyYln0,chunked,2.01,asl
R_6ePyuGQkPHyYln0,chunked,2.41,asl
R_6ePyuGQkPHyYln0,random,2.39,english
R_6ePyuGQkPHyYln0,random,1.7,asl
R_6ePyuGQkPHyYln0,random,1.62,asl
R_6ePyuGQkPHyYln0,random,2.29,english
R_6ePyuGQkPHyYln0,random,1.45,asl
R_6ePyuGQkPHyYln0,random,2.39,english
R_6ePyuGQkPHyYln0,random,1.36,english
R_6ePyuGQkPHyYln0,random,2.05,english
R_6ePyuGQkPHyYln0,random,2.27,asl
R_1J5dTvFlms7CXDK,chunked,4,english
R_1J5dTvFlms7CXDK,chunked,2.94,english
R_1J5dTvFlms7CXDK,chunked,1.01,english
R_1J5dTvFlms7CXDK,chunked,3.33,english
R_1J5dTvFlms7CXDK,chunked,1.96,asl
R_1J5dTvFlms7CXDK,chunked,1.89,asl
R_1J5dTvFlms7CXDK,chunked,2.7,asl
R_1J5dTvFlms7CXDK,chunked,3.17,asl
R_1J5dTvFlms7CXDK,random,2.32,english
R_1J5dTvFlms7CXDK,random,1.78,asl
R_1J5dTvFlms7CXDK,random,3.2,english
R_1J5dTvFlms7CXDK,random,2.06,asl
R_1J5dTvFlms7CXDK,random,4.94,english
R_1J5dTvFlms7CXDK,random,2.3,english
R_1J5dTvFlms7CXDK,random,2.61,english
R_1J5dTvFlms7CXDK,random,3.036,asl
R_1OO6rMaGNr8WAmt,chunked,6.08,english
R_1OO6rMaGNr8WAmt,chunked,1.36,english
R_1OO6rMaGNr8WAmt,chunked,1.91,english
R_1OO6rMaGNr8WAmt,chunked,4.31,english
R_1OO6rMaGNr8WAmt,chunked,1.47,asl
R_1OO6rMaGNr8WAmt,chunked,2.08,asl
R_1OO6rMaGNr8WAmt,chunked,2.28,asl
R_1OO6rMaGNr8WAmt,chunked,2.59,asl
R_1OO6rMaGNr8WAmt,random,7.67,english
R_1OO6rMaGNr8WAmt,random,1.5,asl
R_1OO6rMaGNr8WAmt,random,1.48,english
R_1OO6rMaGNr8WAmt,random,1.39,asl
R_1OO6rMaGNr8WAmt,random,2.69,english
R_1OO6rMaGNr8WAmt,random,2.5,english
R_1OO6rMaGNr8WAmt,random,2.09,english
R_1OO6rMaGNr8WAmt,random,2.136,asl
R_1f8ddC3wODMntcN,chunked,4.5,english
R_1f8ddC3wODMntcN,chunked,3.81,english
R_1f8ddC3wODMntcN,chunked,3.33,english
R_1f8ddC3wODMntcN,chunked,4.87,english
R_1f8ddC3wODMntcN,chunked,1.24,asl
R_1f8ddC3wODMntcN,chunked,1.49,asl
R_1f8ddC3wODMntcN,chunked,2.41,asl
R_1f8ddC3wODMntcN,chunked,2,asl
R_1f8ddC3wODMntcN,random,4.5,english
R_1f8ddC3wODMntcN,random,2.05,asl
R_1f8ddC3wODMntcN,random,3.72,english
R_1f8ddC3wODMntcN,random,1.88,asl
R_1f8ddC3wODMntcN,random,5.28,english
R_1f8ddC3wODMntcN,random,3.63,english
R_1f8ddC3wODMntcN,random,2.29,english
R_1f8ddC3wODMntcN,random,1.97,asl