participant.id,condition,time,language
R_62KBE2qC9YKsMMQ,chunked,4.338,english
R_62KBE2qC9YKsMMQ,chunked,3.177,english
R_62KBE2qC9YKsMMQ,chunked,1.639,english
R_62KBE2qC9YKsMMQ,chunked,3.156,english
R_62KBE2qC9YKsMMQ,chunked,4.22,asl
R_62KBE2qC9YKsMMQ,chunked,1.2,asl
R_62KBE2qC9YKsMMQ,chunked,2.48,asl
R_62KBE2qC9YKsMMQ,chunked,2.464,asl
R_62KBE2qC9YKsMMQ,random,3.25,english
R_62KBE2qC9YKsMMQ,random,1.8,asl
R_62KBE2qC9YKsMMQ,random,3.319,english
R_62KBE2qC9YKsMMQ,random,1.237,asl
R_62KBE2qC9YKsMMQ,random,2.85,english
R_62KBE2qC9YKsMMQ,random,2.481,english
R_62KBE2qC9YKsMMQ,random,2.663,english
R_62KBE2qC9YKsMMQ,random,1.937,asl
R_6CTXDX33mFsKlDR,chunked,6.09,english
R_6CTXDX33mFsKlDR,chunked,3.97,english
R_6CTXDX33mFsKlDR,chunked,2.36,english
R_6CTXDX33mFsKlDR,chunked,6.43,english
R_6CTXDX33mFsKlDR,chunked,6.4,asl
R_6CTXDX33mFsKlDR,chunked,1.191,asl
R_6CTXDX33mFsKlDR,chunked,2.727,asl
R_6CTXDX33mFsKlDR,chunked,4.436,asl
R_6CTXDX33mFsKlDR,random,4.536,english
R_6CTXDX33mFsKlDR,random,2.345,asl
R_6CTXDX33mFsKlDR,random,4.791,english
R_6CTXDX33mFsKlDR,random,2.2,asl
R_6CTXDX33mFsKlDR,random,4.127,english
R_6CTXDX33mFsKlDR,random,2.909,english
R_6CTXDX33mFsKlDR,random,5,english
R_6CTXDX33mFsKlDR,random,3.046,asl
R_5dMuYUOBGo5znBl,chunked,4.44,english
R_5dMuYUOBGo5znBl,chunked,6.16,english
R_5dMuYUOBGo5znBl,chunked,5.37,english
R_5dMuYUOBGo5znBl,chunked,8.62,asl
R_5dMuYUOBGo5znBl,chunked,5.6,asl
R_5dMuYUOBGo5znBl,chunked,8.17,asl
R_5dMuYUOBGo5znBl,chunked,14.28,asl
R_5dMuYUOBGo5znBl,random,5.08,english
R_5dMuYUOBGo5znBl,random,5.32,asl
R_5dMuYUOBGo5znBl,random,2.758,asl
R_5dMuYUOBGo5znBl,random,2.347,english
R_5dMuYUOBGo5znBl,random,1.044,asl
R_5dMuYUOBGo5znBl,random,1.956,english
R_5dMuYUOBGo5znBl,random,1.91,english
R_5dMuYUOBGo5znBl,random,2.1,english
R_5dMuYUOBGo5znBl,random,2.044,asl
R_3BLnQBRG499yc49,chunked,5.01,english
R_3BLnQBRG499yc49,chunked,4.025,english
R_3BLnQBRG499yc49,chunked,2.733,english
R_3BLnQBRG499yc49,chunked,4.475,english
R_3BLnQBRG499yc49,chunked,3.816,asl
R_3BLnQBRG499yc49,chunked,2.308,asl
R_3BLnQBRG499yc49,chunked,2.584,asl
R_3BLnQBRG499yc49,chunked,1.57,asl
R_3BLnQBRG499yc49,random,5.162,english
R_3BLnQBRG499yc49,random,1.831,asl
R_3BLnQBRG499yc49,random,3.531,english
R_3BLnQBRG499yc49,random,1.893,asl
R_3BLnQBRG499yc49,random,3.562,english
R_3BLnQBRG499yc49,random,1.931,english
R_3BLnQBRG499yc49,random,3.729,english
R_3BLnQBRG499yc49,random,1.69,asl
R_6SiuavSlv62iGRO,chunked,10.43,english
R_6SiuavSlv62iGRO,chunked,4.69,english
R_6SiuavSlv62iGRO,chunked,1.78,english
R_6SiuavSlv62iGRO,chunked,3.65,english
R_6SiuavSlv62iGRO,chunked,2.56,asl
R_6SiuavSlv62iGRO,chunked,1.61,asl
R_6SiuavSlv62iGRO,chunked,1,asl
R_6SiuavSlv62iGRO,chunked,1.77,asl
R_6SiuavSlv62iGRO,random,5.97,english
R_6SiuavSlv62iGRO,random,1.62,asl
R_6SiuavSlv62iGRO,random,2.35,english
R_6SiuavSlv62iGRO,random,1.51,asl
R_6SiuavSlv62iGRO,random,1.94,english
R_6SiuavSlv62iGRO,random,1.87,english
R_6SiuavSlv62iGRO,random,1.63,english
R_6SiuavSlv62iGRO,random,1.64,asl