Lnum,participant.id,condition,time,language
L2,R_6e2pwYha2G1nZy8,chunked,5.11,english
L2,R_6e2pwYha2G1nZy8,chunked,7.04,english
L2,R_6e2pwYha2G1nZy8,chunked,3.79,english
L2,R_6e2pwYha2G1nZy8,chunked,7.56,english
L2,R_6e2pwYha2G1nZy8,chunked,2.79,asl
L2,R_6e2pwYha2G1nZy8,chunked,2.38,asl
L2,R_6e2pwYha2G1nZy8,chunked,3.32,asl
L2,R_6e2pwYha2G1nZy8,chunked,3.12,asl
L2,R_6e2pwYha2G1nZy8,random,5.66,english
L2,R_6e2pwYha2G1nZy8,random,2.02,asl
L2,R_6e2pwYha2G1nZy8,random,3.41,english
L2,R_6e2pwYha2G1nZy8,random,1.94,asl
L2,R_6e2pwYha2G1nZy8,random,3.17,english
L2,R_6e2pwYha2G1nZy8,random,4.2,english
L2,R_6e2pwYha2G1nZy8,random,2.07,english
L2,R_6e2pwYha2G1nZy8,random,1.633,asl
L2,R_3Dkt8Tsj6etdi6J,chunked,4.57,english
L2,R_3Dkt8Tsj6etdi6J,chunked,3.12,english
L2,R_3Dkt8Tsj6etdi6J,chunked,2.74,english
L2,R_3Dkt8Tsj6etdi6J,chunked,5.21,english
L2,R_3Dkt8Tsj6etdi6J,chunked,3.06,asl
L2,R_3Dkt8Tsj6etdi6J,chunked,1.04,asl
L2,R_3Dkt8Tsj6etdi6J,chunked,-0.6,asl
L2,R_3Dkt8Tsj6etdi6J,chunked,2.58,asl
L2,R_3Dkt8Tsj6etdi6J,random,3.4,english
L2,R_3Dkt8Tsj6etdi6J,random,1.343,asl
L2,R_3Dkt8Tsj6etdi6J,random,4.186,english
L2,R_3Dkt8Tsj6etdi6J,random,1.778,asl
L2,R_3Dkt8Tsj6etdi6J,random,4.45,english
L2,R_3Dkt8Tsj6etdi6J,random,2.224,english
L2,R_3Dkt8Tsj6etdi6J,random,1.93,english
L2,R_3Dkt8Tsj6etdi6J,random,1.275,asl
L2,R_6ePyuGQkPHyYln0,chunked,3.21,english
L2,R_6ePyuGQkPHyYln0,chunked,1.9,english
L2,R_6ePyuGQkPHyYln0,chunked,1.18,english
L2,R_6ePyuGQkPHyYln0,chunked,2.79,english
L2,R_6ePyuGQkPHyYln0,chunked,2.1,asl
L2,R_6ePyuGQkPHyYln0,chunked,1.29,asl
L2,R_6ePyuGQkPHyYln0,chunked,2.01,asl
L2,R_6ePyuGQkPHyYln0,chunked,2.41,asl
L2,R_6ePyuGQkPHyYln0,random,2.39,english
L2,R_6ePyuGQkPHyYln0,random,1.7,asl
L2,R_6ePyuGQkPHyYln0,random,1.62,asl
L2,R_6ePyuGQkPHyYln0,random,2.29,english
L2,R_6ePyuGQkPHyYln0,random,1.45,asl
L2,R_6ePyuGQkPHyYln0,random,2.39,english
L2,R_6ePyuGQkPHyYln0,random,1.36,english
L2,R_6ePyuGQkPHyYln0,random,2.05,english
L2,R_6ePyuGQkPHyYln0,random,2.27,asl
L2,R_1J5dTvFlms7CXDK,chunked,4,english
L2,R_1J5dTvFlms7CXDK,chunked,2.94,english
L2,R_1J5dTvFlms7CXDK,chunked,1.01,english
L2,R_1J5dTvFlms7CXDK,chunked,3.33,english
L2,R_1J5dTvFlms7CXDK,chunked,1.96,asl
L2,R_1J5dTvFlms7CXDK,chunked,1.89,asl
L2,R_1J5dTvFlms7CXDK,chunked,2.7,asl
L2,R_1J5dTvFlms7CXDK,chunked,3.17,asl
L2,R_1J5dTvFlms7CXDK,random,2.32,english
L2,R_1J5dTvFlms7CXDK,random,1.78,asl
L2,R_1J5dTvFlms7CXDK,random,3.2,english
L2,R_1J5dTvFlms7CXDK,random,2.06,asl
L2,R_1J5dTvFlms7CXDK,random,4.94,english
L2,R_1J5dTvFlms7CXDK,random,2.3,english
L2,R_1J5dTvFlms7CXDK,random,2.61,english
L2,R_1J5dTvFlms7CXDK,random,3.036,asl
L3,R_62KBE2qC9YKsMMQ,chunked,4.338,english
L3,R_62KBE2qC9YKsMMQ,chunked,3.177,english
L3,R_62KBE2qC9YKsMMQ,chunked,1.639,english
L3,R_62KBE2qC9YKsMMQ,chunked,3.156,english
L3,R_62KBE2qC9YKsMMQ,chunked,4.22,asl
L3,R_62KBE2qC9YKsMMQ,chunked,1.2,asl
L3,R_62KBE2qC9YKsMMQ,chunked,2.48,asl
L3,R_62KBE2qC9YKsMMQ,chunked,2.464,asl
L3,R_62KBE2qC9YKsMMQ,random,3.25,english
L3,R_62KBE2qC9YKsMMQ,random,1.8,asl
L3,R_62KBE2qC9YKsMMQ,random,3.319,english
L3,R_62KBE2qC9YKsMMQ,random,1.237,asl
L3,R_62KBE2qC9YKsMMQ,random,2.85,english
L3,R_62KBE2qC9YKsMMQ,random,2.481,english
L3,R_62KBE2qC9YKsMMQ,random,2.663,english
L3,R_62KBE2qC9YKsMMQ,random,1.937,asl
L3,R_6CTXDX33mFsKlDR,chunked,6.09,english
L3,R_6CTXDX33mFsKlDR,chunked,3.97,english
L3,R_6CTXDX33mFsKlDR,chunked,2.36,english
L3,R_6CTXDX33mFsKlDR,chunked,6.43,english
L3,R_6CTXDX33mFsKlDR,chunked,6.4,asl
L3,R_6CTXDX33mFsKlDR,chunked,1.191,asl
L3,R_6CTXDX33mFsKlDR,chunked,2.727,asl
L3,R_6CTXDX33mFsKlDR,chunked,4.436,asl
L3,R_6CTXDX33mFsKlDR,random,4.536,english
L3,R_6CTXDX33mFsKlDR,random,2.345,asl
L3,R_6CTXDX33mFsKlDR,random,4.791,english
L3,R_6CTXDX33mFsKlDR,random,2.2,asl
L3,R_6CTXDX33mFsKlDR,random,4.127,english
L3,R_6CTXDX33mFsKlDR,random,2.909,english
L3,R_6CTXDX33mFsKlDR,random,5,english
L3,R_6CTXDX33mFsKlDR,random,3.046,asl
L3,R_5dMuYUOBGo5znBl,chunked,4.44,english
L3,R_5dMuYUOBGo5znBl,chunked,6.16,english
L3,R_5dMuYUOBGo5znBl,chunked,5.37,english
L3,R_5dMuYUOBGo5znBl,chunked,8.62,asl
L3,R_5dMuYUOBGo5znBl,chunked,5.6,asl
L3,R_5dMuYUOBGo5znBl,chunked,8.17,asl
L3,R_5dMuYUOBGo5znBl,chunked,14.28,asl
L3,R_5dMuYUOBGo5znBl,random,5.08,english
L3,R_5dMuYUOBGo5znBl,random,5.32,asl
L3,R_5dMuYUOBGo5znBl,random,2.758,asl
L3,R_5dMuYUOBGo5znBl,random,2.347,english
L3,R_5dMuYUOBGo5znBl,random,1.044,asl
L3,R_5dMuYUOBGo5znBl,random,1.956,english
L3,R_5dMuYUOBGo5znBl,random,1.91,english
L3,R_5dMuYUOBGo5znBl,random,2.1,english
L3,R_5dMuYUOBGo5znBl,random,2.044,asl
L3,R_3BLnQBRG499yc49,chunked,5.01,english
L3,R_3BLnQBRG499yc49,chunked,4.025,english
L3,R_3BLnQBRG499yc49,chunked,2.733,english
L3,R_3BLnQBRG499yc49,chunked,4.475,english
L3,R_3BLnQBRG499yc49,chunked,3.816,asl
L3,R_3BLnQBRG499yc49,chunked,2.308,asl
L3,R_3BLnQBRG499yc49,chunked,2.584,asl
L3,R_3BLnQBRG499yc49,chunked,1.57,asl
L3,R_3BLnQBRG499yc49,random,5.162,english
L3,R_3BLnQBRG499yc49,random,1.831,asl
L3,R_3BLnQBRG499yc49,random,3.531,english
L3,R_3BLnQBRG499yc49,random,1.893,asl
L3,R_3BLnQBRG499yc49,random,3.562,english
L3,R_3BLnQBRG499yc49,random,1.931,english
L3,R_3BLnQBRG499yc49,random,3.729,english
L3,R_3BLnQBRG499yc49,random,1.69,asl
L3,R_6SiuavSlv62iGRO,chunked,10.43,english
L3,R_6SiuavSlv62iGRO,chunked,4.69,english
L3,R_6SiuavSlv62iGRO,chunked,1.78,english
L3,R_6SiuavSlv62iGRO,chunked,3.65,english
L3,R_6SiuavSlv62iGRO,chunked,2.56,asl
L3,R_6SiuavSlv62iGRO,chunked,1.61,asl
L3,R_6SiuavSlv62iGRO,chunked,1,asl
L3,R_6SiuavSlv62iGRO,chunked,1.77,asl
L3,R_6SiuavSlv62iGRO,random,5.97,english
L3,R_6SiuavSlv62iGRO,random,1.62,asl
L3,R_6SiuavSlv62iGRO,random,2.35,english
L3,R_6SiuavSlv62iGRO,random,1.51,asl
L3,R_6SiuavSlv62iGRO,random,1.94,english
L3,R_6SiuavSlv62iGRO,random,1.87,english
L3,R_6SiuavSlv62iGRO,random,1.63,english
L3,R_6SiuavSlv62iGRO,random,1.64,asl